id,pose_x,pose_y,pose_z,rot_x,rot_y,rot_z,rot_w,command,
0,-4.36035,2.49661,0,0,0,0.0118179,0.99993,
1,-5.44741,1.08038,-9.53674e-07,0,0,0.0128164,0.999918,
2,-5.44102,-0.45621,1.90735e-06,0,0,0.00830572,0.999965,
3,-4.58317,-2.61222,-9.53674e-07,0,0,0.015138,0.999885,
