id,pose_x,pose_y,pose_z,rot_x,rot_y,rot_z,rot_w,command,
0,-6.04508,-0.948678,-1.43051e-06,0,0,-0.0363417,0.999339,
1,-5.96774,1.19526,-1.90735e-06,0,0,0.00943824,0.999955,
2,-4.26111,3.04705,9.53674e-07,0,0,-0.000150984,1,
