id,pose_x,pose_y,pose_z,rot_x,rot_y,rot_z,rot_w,command,
0,-9.09446,1.58376,0,0,0,0.0118179,0.99993,
1,-5.14166,1.58328,-9.53674e-07,0,0,0.0128164,0.999918,
2,-3.2941,3.85331,9.53674e-07,0,0,0.00830572,0.999965,
