id,pose_x,pose_y,pose_z,rot_x,rot_y,rot_z,rot_w,command,
0,-7.08491,1.5041,1.90735e-06,0,0,-0.0289233,0.999582,
1,-9.32559,1.36787,-1.90735e-06,0,0,0.0211003,0.999777,
2,-9.30614,-2.09521,-1.90735e-06,0,0,-0.0320912,0.999485,
3,-11.0383,-2.90796,-3.8147e-06,0,0,0.0321074,0.999484,
4,-10.6557,-5.55508,4.76837e-06,0,0,-0.0179623,0.999839,
