id,pose_x,pose_y,pose_z,rot_x,rot_y,rot_z,rot_w,command,
0,-8.74007,1.55768,1.90735e-06,0,0,0.0118179,0.99993,
1,-5.37456,2.15589,9.53675e-07,0,0,0.0128164,0.999918,
2,-3.25491,4.02414,9.53674e-07,0,0,0.00830572,0.999965,
