id,pose_x,pose_y,pose_z,rot_x,rot_y,rot_z,rot_w,command,
0,-7.01316,-1.96779,1.52588e-05,0,0,-0.0289233,0.999582,
1,-9.19805,-2.17813,-5.72204e-06,0,0,-0.0320912,0.999485,
2,-11.0543,-2.83428,-5.72205e-06,0,0,0.0321074,0.999484,
3,-11.0838,-5.42787,-1.90735e-06,0,0,-0.0423957,0.999101,
